{
    "inputShortDelayedDescriptorReplicationFactor": [],
    "inputDelayedDescriptorReplicationFactor": [0,0],
    "inputExtendedDelayedDescriptorReplicationFactor": [],
    "wigos_station_identifier": "data:Station_ID",
    "number_header_rows": 4,
    "column_names_row": 2,
    "delimiter": ",",
    "quoting": "QUOTE_NONE",
    "header":[
        {"eccodes_key": "edition", "value": "const:4"},
        {"eccodes_key": "masterTableNumber", "value": "const:0"},
        {"eccodes_key": "bufrHeaderCentre", "value": "const:0"},
        {"eccodes_key": "bufrHeaderSubCentre", "value": "const:0"},
        {"eccodes_key": "updateSequenceNumber", "value": "const:0"},
        {"eccodes_key": "dataCategory", "value": "const:0"},
        {"eccodes_key": "internationalDataSubCategory", "value": "const:6"},
        {"eccodes_key": "masterTablesVersionNumber", "value": "const:30"},
        {"eccodes_key": "numberOfSubsets", "value": "const:1"},
        {"eccodes_key": "observedData", "value": "const:1"},
        {"eccodes_key": "compressedData", "value": "const:0"},
        {"eccodes_key": "typicalYear", "value":"data:Year"},
        {"eccodes_key": "typicalMonth", "value":"data:Month"},
        {"eccodes_key": "typicalDay", "value":"data:Day"},
        {"eccodes_key": "typicalHour", "value":"data:Hour"},
        {"eccodes_key": "typicalMinute", "value":"data:Minute"},
        {"eccodes_key": "unexpandedDescriptors", "value": "array:301150,307080"}
    ],
    "data": [
        {"eccodes_key": "#1#wigosIdentifierSeries",                                "value":"data:_wsi_series"},
        {"eccodes_key": "#1#wigosIssuerOfIdentifier",                              "value":"data:_wsi_issuer"},
        {"eccodes_key": "#1#wigosIssueNumber",                                     "value":"data:_wsi_issue_number"},
        {"eccodes_key": "#1#wigosLocalIdentifierCharacter",                        "value":"data:_wsi_local"},
        {"eccodes_key": "#1#stationOrSiteName",                                    "value":"data:Station_Name"},
        {"eccodes_key": "#1#stationType",                                          "value":"data:WMO_Station_Type"},
        {"eccodes_key": "#1#year",                                                 "value":"data:M_Year",       "valid_min": "const:2000", "valid_max": "const:2100"},
        {"eccodes_key": "#1#month",                                                "value":"data:M_Month",      "valid_min": "const:1", "valid_max": "const:12"},
        {"eccodes_key": "#1#day",                                                  "value":"data:M_DayOfMonth", "valid_min": "const:1", "valid_max": "const:31"},
        {"eccodes_key": "#1#hour",                                                 "value":"data:M_HourOfDay",  "valid_min": "const:0", "valid_max": "const:23"},
        {"eccodes_key": "#1#minute",                                               "value":"data:M_Minutes",    "valid_min": "const:0", "valid_max": "const:59"},
        {"eccodes_key": "#1#latitude",                                             "value":"data:Latitude",     "valid_min": "const:-90", "valid_max": "const:90"},
        {"eccodes_key": "#1#longitude",                                            "value":"data:Longitude",    "valid_min": "const:-180", "valid_max": "const:180"},
        {"eccodes_key": "#1#heightOfStationGroundAboveMeanSeaLevel",               "value":"data:Elevation"},
        {"eccodes_key": "#1#heightOfBarometerAboveMeanSeaLevel",                   "value":"data:BP_Elevation"},
        {"eccodes_key": "#1#nonCoordinatePressure",                                "value":"data:BP"},
        {"eccodes_key": "#1#pressureReducedToMeanSeaLevel",                        "value":"data:QNH"},
        {"eccodes_key": "#1#3HourPressureChange",                                  "value":"data:BP_Change", "valid_min": "const:-5000", "valid_max": "const:5230"},
        {"eccodes_key": "#1#characteristicOfPressureTendency",                     "value":"data:BP_Tendency"},
        {"eccodes_key": "#1#heightOfSensorAboveLocalGroundOrDeckOfMarinePlatform", "value":"data:Temp_H"},
        {"eccodes_key": "#1#airTemperature",                                       "value":"data:AirTempK"},
        {"eccodes_key": "#1#dewpointTemperature",                                  "value":"data:DewPointTempK"},
        {"eccodes_key": "#1#relativeHumidity",                                     "value":"data:RH"}
    ]
}